{
	"page": {
		"label": "TRANSLATE.HD44780.LCDCONF"
	},
	"sections": [{
		"id": "section_userconf",
		"element": "section",
		"label": "TRANSLATE.HD44780.USERCONF",
		"icon": "fa-user-o",
		"onSave": {
			"type": "controller",
			"endpoint": "miscellanea/HD44780",
			"method": "updateLCDdConfig"
		},
		"saveButton": {
			"label": "TRANSLATE.HD44780.SAVE",
			"data": [
				"hello0",
				"hello1",
				"hello2",
				"hello3",
				"goodbye0",
				"goodbye1",
				"goodbye2",
				"goodbye3",
				"speed"
			]
		},
		"content": [
			{
				"id": "hello0",
				"element": "input",
				"type": "text",
				"doc": "Hello message; shown on startup.",
				"label": "TRANSLATE.HD44780.HELLO0",
				"value": "   Welcome to"
			},
			{
				"id": "hello1",
				"element": "input",
				"type": "text",
				"doc": "Hello message; shown on startup.",
				"label": "TRANSLATE.HD44780.HELLO1",
				"value": "   VOLUMIO2!"
			},
			{
				"id": "hello2",
				"element": "input",
				"type": "text",
				"doc": "Hello message; shown on startup.",
				"label": "TRANSLATE.HD44780.HELLO2",
				"value": "    And also"
			},			
			{
				"id": "hello3",
				"element": "input",
				"type": "text",
				"doc": "Hello message; shown on startup.",
				"label": "TRANSLATE.HD44780.HELLO3",
				"value": "  Cheers mate!"
			},
			{
				"id": "goodbye0",
				"element": "input",
				"type": "text",
				"doc": "Goodbye message; shown on shutdown.",
				"label": "TRANSLATE.HD44780.GOODBYE0",
				"value": "Thanks for using"
			},
			{
				"id": "goodbye1",
				"element": "input",
				"type": "text",
				"doc": "Goodbye message; shown on shutdown.",
				"label": "TRANSLATE.HD44780.GOODBYE1",
				"value": "   VOLUMIO2!"
			},
			{
				"id": "goodbye2",
				"element": "input",
				"type": "text",
				"doc": "Goodbye message; shown on shutdown.",
				"label": "TRANSLATE.HD44780.GOODBYE2",
				"value": "    And also"
			},			
			{
				"id": "goodbye3",
				"element": "input",
				"type": "text",
				"doc": "Goodbye message; shown on shutdown.",
				"label": "TRANSLATE.HD44780.GOODBYE3",
				"value": "  Cheers mate!"
			},
			{
				"id": "speed",
				"element": "select",
				"doc": "The scrolling speed of text on the LCD panel.",
				"label": "TRANSLATE.HD44780.SPEED",
				"value": {
					"value": 10,
					"label": "10 (fast=default)"
				},
				"options": []
			}
		]
	},
	{
		"id": "section_displayconf",
		"element": "section",
		"label": "TRANSLATE.HD44780.DISPLAYCONF",
		"icon": "fa-sliders",
		"onSave": {
			"type": "controller",
			"endpoint": "miscellanea/HD44780",
			"method": "updateLCDdConfig"
		},
		"saveButton": {
			"label": "TRANSLATE.HD44780.SAVE",
			"data": [
				"port",
				"columns",
				"rows",
				"char_map"
			]
		},
		"content": [
			{
				"id": "port",
				"element": "input",
				"type": "text",
				"doc": "The i2c port, use i2cdetect to find the correct one.",
				"label": "TRANSLATE.HD44780.PORT",
				"value": "0x3F"
			},
			{
				"id": "columns",
				"element": "input",
				"type": "text",
				"doc": "The number of columns (in total) on the display(s).",
				"label": "TRANSLATE.HD44780.COLUMNS",
				"value": "16"
			},
			{
				"id": "rows",
				"element": "input",
				"type": "text",
				"doc": "The number of rows (in total) on the display(s).",
				"label": "TRANSLATE.HD44780.ROWS",
				"value": "2"
			},
			{
				"id": "char_map",
				"element": "select",
				"doc": "The character mapping to use on the display, need for certain languages.",
				"label": "TRANSLATE.HD44780.CHAR_MAP",
				"value": {
					"value": 0,
					"label": "hd44780_default"
				},
				"options": []
			}
		]
	},
	{
		"id": "section_driverconf",
		"element": "section",
		"label": "TRANSLATE.HD44780.DRIVERCONF",
		"icon": "fa-cogs",
		"onSave": {
			"type": "controller",
			"endpoint": "miscellanea/HD44780",
			"method": "updateLCDdConfig"
		},
		"saveButton": {
			"label": "TRANSLATE.HD44780.SAVE",
			"data": [
				"driver_path",
				"connection_type"
			]
		},
		"content": [
			{
				"id": "driver_path",
				"element": "input",
				"type": "text",
				"doc": "The directory in which the driver is located.",
				"label": "TRANSLATE.HD44780.DRIVER_PATH",
				"value": "/home/volumio/raspdrivers"
			},
			{
				"id": "connection_type",
				"element": "select",
				"doc": "Connection type used for the LCD screen, either i2c or GPIO.",
				"label": "TRANSLATE.HD44780.CONNECTION_TYPE",
				"value": {
					"value": 0,
					"label": "i2c"
				},
				"options": []
				
			}
		]
	}]
}